obs_rms_mean,obs_rms_std,param_noise_stddev,reference_Q_mean,reference_Q_std,reference_action_mean,reference_action_std,reference_actor_Q_mean,reference_actor_Q_std,reference_perturbed_action_mean,reference_perturbed_action_std,rollout/1_win,rollout/2_draw,rollout/3_loss,rollout/4_count,rollout/5_successRate,rollout/Q_mean,rollout/actions_mean,rollout/actions_std,rollout/episode_steps,rollout/episodes,rollout/return,rollout/return_history,rollout/return_history_std,rollout/return_std,total/duration,total/episodes,total/epochs,total/steps,total/steps_per_second,train/loss_actor,train/loss_critic,train/param_noise_distance
0.272233247756958,0.17967097461223602,0.07394224246582377,-253.06304931640625,56.938533782958984,-0.2693433165550232,0.6815959811210632,-250.91871643066406,58.158721923828125,-0.1587575525045395,0.7386149168014526,8.0,0.0,33.0,41.0,19.51219512195122,-150.38340759277344,-0.13562439382076263,0.7501986026763916,236.4878048780488,41.0,-2599.219482421875,-2599.219482421875,1596.7784423828125,1596.7784423828125,142.04249739646912,41.0,1,10000,70.40146564086376,240.85853576660156,525.1023559570312,0.7271106839179993
0.26996049284935,0.1787176877260208,0.029602352743226958,-385.1846618652344,72.9982681274414,0.017140891402959824,0.6303783059120178,-382.5814208984375,73.7469711303711,-0.31748223304748535,0.6620872616767883,9.0,0.0,34.0,43.0,20.930232558139537,-241.36016845703125,-0.18661333620548248,0.6740512251853943,236.70238095238096,84.0,-2601.5,-2601.5,1612.8660888671875,1612.8660888671875,289.2806875705719,84.0,2,20000,69.13700381440385,377.5836181640625,721.9329833984375,0.31361663341522217
0.2741625905036926,0.17941914498806,0.021962663920618616,-450.822509765625,66.91300201416016,-0.08128291368484497,0.7181698083877563,-447.8853454589844,67.51619720458984,0.0033832043409347534,0.7191354036331177,12.0,0.0,33.0,45.0,26.666666666666668,-296.15301513671875,-0.09995552897453308,0.682807207107544,231.75193798449612,129.0,-2546.79833984375,-2625.919921875,1607.625,1633.6590576171875,432.0399658679962,129.0,3,30000,69.43802048435047,431.36883544921875,1163.784912109375,0.1950419396162033
0.2720184028148651,0.1806478053331375,0.020282151651708893,-515.5003662109375,61.6021728515625,-0.120385080575943,0.6828094124794006,-514.4268188476562,62.03823471069336,-0.06774193048477173,0.782168447971344,12.0,0.0,36.0,48.0,25.0,-333.6206359863281,-0.03293416276574135,0.6847382187843323,225.29378531073445,177.0,-2475.68359375,-2419.22998046875,1679.291259765625,1661.1361083984375,575.3660523891449,177.0,4,40000,69.52095945512315,487.334716796875,1664.040283203125,0.2455374151468277
0.27042219042778015,0.18058715760707855,0.025245515830755405,-501.88616943359375,62.79511642456055,0.03595276176929474,0.9169754385948181,-496.32244873046875,64.31918334960938,0.08186960220336914,0.9227266907691956,29.0,0.0,32.0,61.0,47.540983606557376,-358.710693359375,-0.013405113480985165,0.6896183490753174,209.94117647058823,238.0,-2306.11767578125,-2084.610107421875,1726.4881591796875,1700.968017578125,721.7288219928741,238.0,5,50000,69.27809791763265,468.9281921386719,1307.023193359375,0.14851821959018707
0.27237552404403687,0.18008626997470856,0.019882513137642284,-449.792236328125,84.91085815429688,-0.2430417686700821,0.831892192363739,-447.2083740234375,85.98489379882812,-0.2399870753288269,0.904900312423706,37.0,0.0,35.0,72.0,51.388888888888886,-369.9651794433594,-0.03062482364475727,0.6986492276191711,193.24193548387098,310.0,-2121.864501953125,-1482.68994140625,1693.1165771484375,1731.681640625,869.1661801338196,310.0,6,60000,69.03167814325474,438.1249084472656,1653.52392578125,0.20048558712005615
0.2754317820072174,0.17976003885269165,0.021962663920618616,-500.0760192871094,82.84876251220703,0.10072317719459534,0.8913372755050659,-497.1972351074219,84.14070892333984,0.13322407007217407,0.8746585845947266,31.0,0.0,29.0,60.0,51.66666666666667,-377.59295654296875,-0.052262380719184875,0.6873372197151184,189.08648648648648,370.0,-2075.8486328125,-1686.4100341796875,1690.27294921875,1729.01611328125,1018.3774285316467,370.0,7,70000,68.73679447209459,452.4338684082031,1284.3809814453125,0.16319239139556885
0.27547213435173035,0.17965815961360931,0.0211056883401964,-505.7256774902344,89.13656616210938,0.44298359751701355,0.8271917700767517,-500.6781921386719,88.83264923095703,0.13508716225624084,0.8173989057540894,27.0,0.0,31.0,58.0,46.55172413793103,-388.1626892089844,-0.067423976957798,0.6877999305725098,186.4836448598131,428.0,-2047.0794677734375,-1929.510009765625,1746.0780029296875,1733.44091796875,1160.638704776764,428.0,8,80000,68.92756520246076,462.385009765625,1566.6707763671875,0.23241062462329865
0.2775311768054962,0.17939572036266327,0.018730226766195082,-507.379638671875,95.80999755859375,0.27035579085350037,0.8821002244949341,-503.17572021484375,96.17003631591797,0.03282754868268967,0.8911721110343933,28.0,0.0,36.0,64.0,43.75,-394.05609130859375,-0.07107187807559967,0.6865924596786499,182.59146341463415,492.0,-2004.1910400390625,-1721.3900146484375,1733.4859619140625,1736.37744140625,1306.0479090213776,492.0,9,90000,68.91018268038655,460.35015869140625,1501.39013671875,0.17239698767662048
0.27993863821029663,0.17881986498832703,0.0156587938752642,-501.11419677734375,95.1141586303711,-0.04973290115594864,0.9331916570663452,-497.9969787597656,96.48374938964844,-0.052038513123989105,0.9315866231918335,37.0,0.0,36.0,73.0,50.68493150684932,-398.6061706542969,-0.07243592292070389,0.6868448853492737,176.82477876106194,565.0,-1940.5947265625,-1507.6600341796875,1676.0474853515625,1736.59912109375,1453.8073914051056,565.0,10,100000,68.7849027259037,443.9072265625,1204.2060546875,0.1995697170495987
0.2799762785434723,0.17894627153873444,0.014751292160020392,-451.14306640625,91.69361114501953,0.11465127021074295,0.9141602516174316,-446.066650390625,93.14402770996094,-0.16772857308387756,0.8920913338661194,41.0,0.0,32.0,73.0,56.16438356164384,-397.6121826171875,-0.06517887860536575,0.681157648563385,172.0705329153605,638.0,-1888.1033935546875,-1517.8900146484375,1685.23828125,1735.7662353515625,1604.1065213680267,638.0,11,110000,68.57399962827215,403.972900390625,2057.09130859375,0.1724800318479538
0.279720276594162,0.17843595147132874,0.0156587938752642,-455.6864318847656,82.69799041748047,0.03748975694179535,0.9297752380371094,-450.74322509765625,81.97642517089844,-0.06031486392021179,0.9305726289749146,63.0,0.0,31.0,94.0,67.02127659574468,-394.9881591796875,-0.06926485151052475,0.6762251257896423,163.61338797814207,732.0,-1794.7281494140625,-1206.0400390625,1551.6407470703125,1727.505615234375,1756.9877603054047,732.0,12,120000,68.29871141455263,408.1537170410156,1102.024169921875,0.19402138888835907
0.27797526121139526,0.17848193645477295,0.015350253774398782,-457.6376647949219,93.4231185913086,-0.17803418636322021,0.9404973387718201,-455.0306396484375,94.77338409423828,-0.1581060141324997,0.9484000205993652,56.0,0.0,32.0,88.0,63.63636363636363,-393.87969970703125,-0.07207698374986649,0.6730253100395203,158.52317073170732,820.0,-1738.523193359375,-1276.6600341796875,1548.02783203125,1715.99609375,1906.2632324695587,820.0,13,130000,68.19624791880676,405.3407287597656,1626.0535888671875,0.27535319328308105
0.2766452729701996,0.17839640378952026,0.0156587938752642,-468.2637939453125,100.2628173828125,-0.5623068809509277,0.734440803527832,-465.4163818359375,100.64344787597656,-0.40597689151763916,0.8815814852714539,52.0,0.0,29.0,81.0,64.19753086419753,-392.8279724121094,-0.062296316027641296,0.6738700866699219,155.22419533851277,901.0,-1702.0699462890625,-1365.97998046875,1584.8189697265625,1706.75537109375,2053.737679719925,901.0,14,140000,68.16839432925643,408.6952209472656,1519.9090576171875,0.18084420263767242
0.27676478028297424,0.17789873480796814,0.0156587938752642,-466.6598815917969,87.99683380126953,-0.024937890470027924,0.9469087719917297,-462.0986022949219,88.1688461303711,-0.2959034740924835,0.9046501517295837,76.0,0.0,35.0,111.0,68.46846846846847,-390.0439758300781,-0.058526769280433655,0.6754984259605408,148.13438735177866,1012.0,-1623.8477783203125,-1003.75,1415.6461181640625,1691.419921875,2205.24236035347,1012.0,15,150000,68.01973456375882,402.2540283203125,1587.47216796875,0.225306898355484
0.2773837447166443,0.1772603690624237,0.017297050171870294,-424.8846435546875,70.65138244628906,0.3882509469985962,0.9040877819061279,-419.6841735839844,71.71017456054688,0.3501534163951874,0.9162812232971191,88.0,0.0,29.0,117.0,75.21367521367522,-388.46612548828125,-0.05201132223010063,0.6771690249443054,141.45261293179806,1129.0,-1550.074462890625,-962.8300170898438,1353.6806640625,1671.6312255859375,2359.288021326065,1129.0,16,160000,67.81706962173705,396.26483154296875,1469.7978515625,0.14591650664806366
0.27672064304351807,0.17655770480632782,0.015973535632157008,-390.1168212890625,80.57366180419922,0.36159229278564453,0.9301643967628479,-383.6893005371094,82.85426330566406,0.3570513129234314,0.9178817272186279,120.0,0.0,31.0,151.0,79.47019867549669,-384.9384460449219,-0.0432252362370491,0.6740490794181824,132.7328125,1280.0,-1453.8218994140625,-743.1599731445312,1209.8883056640625,1644.127197265625,2513.1310703754425,1280.0,17,170000,67.64470106790066,357.7095642089844,1644.1722412109375,0.2086997926235199
0.27604585886001587,0.1759808361530304,0.01662212523270047,-404.2718505859375,83.03453826904297,0.36260542273521423,0.8981494903564453,-400.78125,83.9723129272461,0.5317561030387878,0.8320571184158325,80.0,0.0,30.0,110.0,72.72727272727273,-381.26177978515625,-0.03176777437329292,0.6744102239608765,129.46690647482015,1390.0,-1417.757568359375,-947.97998046875,1348.9053955078125,1628.793701171875,2663.319559812546,1390.0,18,180000,67.58483011804601,345.4754943847656,1477.1761474609375,0.060026463121175766
0.276080846786499,0.17494776844978333,0.016294603698363365,-333.87030029296875,86.5101089477539,0.1934269219636917,0.9655774235725403,-328.7430419921875,87.09625244140625,0.1727932244539261,0.9714927673339844,75.0,0.0,28.0,103.0,72.81553398058253,-372.1417236328125,-0.024286380037665367,0.6712146401405334,127.11587407903549,1493.0,-1391.78369140625,-1030.47998046875,1337.022705078125,1613.1273193359375,2812.66610121727,1493.0,19,190000,67.55156608094062,304.52716064453125,1539.0408935546875,0.14475354552268982
0.2755518853664398,0.17432206869125366,0.014175701821503062,-335.3014831542969,74.26451110839844,-0.11728774011135101,0.9537636041641235,-332.22808837890625,73.65066528320312,0.3214932680130005,0.9357782006263733,83.0,0.0,29.0,112.0,74.10714285714286,-365.4944763183594,-0.02062038518488407,0.6712767481803894,124.47165109034268,1605.0,-1362.581298828125,-993.739990234375,1396.1468505859375,1601.9051513671875,2964.7718234062195,1605.0,20,200000,67.45881703982887,328.6532287597656,1018.1141967773438,0.23521359264850616
0.2752162218093872,0.17304599285125732,0.01662212523270047,-334.76934814453125,73.40692138671875,0.34956201910972595,0.9233704805374146,-325.5892333984375,74.16665649414062,0.37273454666137695,0.9106694459915161,168.0,0.0,24.0,192.0,87.5,-358.9223937988281,-0.013101957738399506,0.6728701591491699,116.7968836950473,1797.0,-1277.83642578125,-459.1400146484375,802.0752563476562,1564.5166015625,3124.895855665207,1797.0,21,210000,67.20223959441253,297.82177734375,1207.6431884765625,0.1515190154314041
0.2755263149738312,0.17176936566829681,0.018361167303396805,-276.49114990234375,82.26393127441406,0.3894902765750885,0.9010536074638367,-268.6575622558594,85.30900573730469,0.44331875443458557,0.8809784054756165,205.0,0.0,27.0,232.0,88.36206896551724,-351.43524169921875,-0.007901434786617756,0.6737868189811707,108.4208969935929,2029.0,-1185.3814697265625,-452.6499938964844,795.6572875976562,1520.73828125,3287.2408096790314,2029.0,22,220000,66.92542856982874,263.9898681640625,679.0825805664062,0.17415852844715118
0.2751932144165039,0.16995155811309814,0.020689822899908242,-256.7958068847656,70.38418579101562,0.31180697679519653,0.9492347836494446,-249.333740234375,71.29987335205078,0.36458128690719604,0.9121354222297668,314.0,0.0,25.0,339.0,92.62536873156341,-342.189208984375,-0.003726196475327015,0.6759975552558899,97.12288851351352,2368.0,-1060.682373046875,-300.6300048828125,420.3728942871094,1451.1434326171875,3455.613529443741,2368.0,23,230000,66.55836888016343,233.3983917236328,850.6185302734375,0.29082363843917847
0.27525243163108826,0.16852572560310364,0.019106704324195603,-265.0855712890625,68.51900482177734,0.33660224080085754,0.9336149096488953,-257.60919189453125,71.11500549316406,0.2967139780521393,0.9540861248970032,286.0,0.0,17.0,303.0,94.38943894389439,-333.5000915527344,-0.0007410282269120216,0.6756718158721924,89.8453762635717,2671.0,-980.3219604492188,-296.2300109863281,408.12298583984375,1396.5408935546875,3626.4210484027863,2671.0,24,240000,66.18095273457149,225.4696044921875,954.3373413085938,0.12582625448703766
0.2749892771244049,0.16761381924152374,0.01662212523270047,-230.03662109375,71.63109588623047,0.37023526430130005,0.9167617559432983,-222.50469970703125,72.9130630493164,0.31455090641975403,0.9443614482879639,215.0,0.0,25.0,240.0,89.58333333333334,-325.41455078125,0.0007110448204912245,0.6736418604850769,85.84816214359327,2911.0,-936.1978759765625,-553.739990234375,948.5970458984375,1365.0789794921875,3790.2352299690247,2911.0,25,250000,65.95896687975304,206.02084350585938,849.7168579101562,0.20377665758132935
0.2747824192047119,0.16694028675556183,0.018730226766195082,-253.09246826171875,53.820213317871094,0.35403019189834595,0.9241739511489868,-244.5024871826172,54.59529495239258,0.34249743819236755,0.9365931153297424,182.0,0.0,32.0,214.0,85.04672897196261,-318.3521728515625,0.0016786811174824834,0.6713308691978455,83.19712,3125.0,-906.95263671875,-352.7699890136719,689.6328735351562,1344.7801513671875,3953.761543750763,3125.0,26,260000,65.76016209448717,209.8150177001953,819.4229736328125,0.14287209510803223
0.2750134766101837,0.16635000705718994,0.018361167303396805,-257.6020202636719,54.94340896606445,0.37540364265441895,0.9192788600921631,-250.36766052246094,54.74124526977539,0.32333695888519287,0.9351456165313721,158.0,0.0,27.0,185.0,85.4054054054054,-312.6735534667969,0.0030307460110634565,0.6689378619194031,81.56827794561933,3310.0,-888.969482421875,-514.9099731445312,910.7850952148438,1330.79052734375,4112.715696334839,3310.0,27,270000,65.65005216397964,200.49285888671875,645.6305541992188,0.09757877886295319
0.27522531151771545,0.1657346785068512,0.019106704324195603,-259.87261962890625,60.760040283203125,0.2815629243850708,0.9591853022575378,-252.43154907226562,61.22563934326172,0.2883196175098419,0.9521254301071167,131.0,0.0,26.0,157.0,83.43949044585987,-308.12908935546875,0.003411118872463703,0.666060209274292,80.75915777329104,3467.0,-880.028564453125,-710.9299926757812,1161.2225341796875,1324.041259765625,4268.797997951508,3467.0,28,280000,65.59223466052158,195.5287628173828,593.6002807617188,0.23832570016384125
0.2749473750591278,0.16491851210594177,0.017644720880324885,-257.8883056640625,61.3626708984375,0.32915985584259033,0.9369354844093323,-251.66949462890625,62.58543395996094,0.4056381285190582,0.9085468649864197,208.0,0.0,25.0,233.0,89.27038626609442,-302.73614501953125,0.004631674382835627,0.6628069281578064,78.37567567567568,3700.0,-853.7159423828125,-535.8099975585938,973.0037231445312,1303.6968994140625,4432.846665620804,3700.0,29,290000,65.4207153721584,200.63107299804688,675.3161010742188,0.40410131216049194
0.275064617395401,0.16424763202667236,0.014751292160020392,-265.812255859375,73.67479705810547,0.4317569136619568,0.8944752216339111,-259.8245849609375,75.75081634521484,0.4217761754989624,0.8950883746147156,214.0,0.0,20.0,234.0,91.45299145299145,-298.12994384765625,0.005742304027080536,0.6615455746650696,76.25521098118963,3934.0,-830.2930908203125,-473.1099853515625,821.4158325195312,1283.657958984375,4599.786549806595,3934.0,30,300000,65.22041767625369,202.02410888671875,740.3024291992188,0.21821534633636475
0.2747618854045868,0.16338001191616058,0.015973535632157008,-239.21502685546875,71.11007690429688,0.2568725347518921,0.9624157547950745,-231.6721649169922,71.22040557861328,0.25015419721603394,0.9680362939834595,296.0,0.0,17.0,313.0,94.56869009584665,-292.96942138671875,0.005977678578346968,0.6615694761276245,72.9905815870026,4247.0,-794.2429809570312,-231.22000122070312,131.70616149902344,1251.6851806640625,4771.3382794857025,4247.0,31,310000,64.9712893619051,188.8431854248047,600.2033081054688,0.07467702776193619
0.27432894706726074,0.16233664751052856,0.015973535632157008,-227.36074829101562,56.56702423095703,0.3992527723312378,0.9115689396858215,-221.61439514160156,57.36244201660156,0.37757518887519836,0.9229137301445007,357.0,0.0,21.0,378.0,94.44444444444444,-287.4266662597656,0.0070915259420871735,0.6633076071739197,69.15048648648649,4625.0,-751.860107421875,-337.260009765625,600.1127319335938,1213.1734619140625,4945.595908641815,4625.0,32,320000,64.70403282258458,179.52066040039062,668.7246704101562,0.16958339512348175
0.27428799867630005,0.16162104904651642,0.0156587938752642,-218.92691040039062,55.72040939331055,0.42199602723121643,0.9064013957977295,-212.1622314453125,56.638526916503906,0.4489282965660095,0.8831979632377625,278.0,0.0,30.0,308.0,90.25974025974025,-282.78973388671875,0.007358846720308065,0.6648440361022949,66.8313399554024,4933.0,-726.2787475585938,-405.239990234375,696.7971801757812,1188.5543212890625,5117.463262796402,4933.0,33,330000,64.48507454837572,177.07791137695312,731.6583862304688,0.10124384611845016
0.2744661867618561,0.16135185956954956,0.014175701821503062,-211.29168701171875,47.68202209472656,0.4371508061885834,0.8974476456642151,-205.29812622070312,47.669925689697266,0.4560890197753906,0.8793514966964722,130.0,0.0,30.0,160.0,81.25,-280.07958984375,0.009443683549761772,0.6640232801437378,66.72452385627332,5093.0,-725.1015014648438,-698.5,1095.7352294921875,1185.6419677734375,5275.712598323822,5093.0,34,340000,64.44627027409025,171.01690673828125,747.8505249023438,0.176086887717247
0.2747543752193451,0.16112998127937317,0.014751292160020392,-238.08001708984375,47.09253692626953,0.38766586780548096,0.8975025415420532,-230.87286376953125,47.07511520385742,0.35440123081207275,0.9177650809288025,129.0,0.0,23.0,152.0,84.86842105263158,-278.34698486328125,0.009890182875096798,0.6630355715751648,66.7256434699714,5245.0,-725.1002807617188,-536.7999877929688,877.8400268554688,1184.1729736328125,5428.173962831497,5245.0,35,350000,64.478405149976,177.25074768066406,741.3594360351562,0.18592920899391174
0.2746223509311676,0.1604345589876175,0.014460633428115275,-224.63375854492188,46.25601577758789,0.4103279411792755,0.9054486751556396,-218.93072509765625,46.5020637512207,0.4067423343658447,0.8997957706451416,287.0,0.0,18.0,305.0,94.09836065573771,-274.5630798339844,0.00984211079776287,0.6643966436386108,64.86486486486487,5550.0,-704.5509643554688,-316.0299987792969,485.1706848144531,1161.2030029296875,5600.784250736237,5550.0,36,360000,64.27671266799415,171.08193969726562,446.6297302246094,0.22519196569919586
0.2747213840484619,0.15970534086227417,0.015047793132436803,-233.474853515625,47.03507614135742,0.48033660650253296,0.8715329170227051,-227.24191284179688,48.1402702331543,0.4560977816581726,0.8839860558509827,332.0,0.0,24.0,356.0,93.25842696629213,-270.39251708984375,0.010055189952254295,0.6669009923934937,62.64239756180156,5906.0,-680.0257568359375,-264.54998779296875,497.54632568359375,1136.803955078125,5779.703582048416,5906.0,37,370000,64.01712384510665,176.2698211669922,652.5355224609375,0.20867057144641876
0.2744719684123993,0.15925365686416626,0.014751292160020392,-222.62130737304688,47.598609924316406,0.3749207854270935,0.9262450933456421,-215.81497192382812,48.4664192199707,0.3821223974227905,0.9186291694641113,303.0,0.0,24.0,327.0,92.66055045871559,-267.1731262207031,0.009499076753854752,0.6689212322235107,60.96390181293117,6233.0,-661.5018310546875,-360.4700012207031,610.4313354492188,1116.6173095703125,5954.388147115707,6233.0,38,380000,63.81847985238772,166.00265502929688,467.5080871582031,0.19520248472690582
0.2742912769317627,0.15864615142345428,0.014460633428115275,-223.7844696044922,51.181793212890625,0.44757023453712463,0.8851733207702637,-217.60888671875,51.748329162597656,0.46292218565940857,0.8717958331108093,336.0,0.0,17.0,353.0,95.18413597733712,-263.55902099609375,0.009605932980775833,0.6704244613647461,59.21363498329791,6586.0,-642.175537109375,-348.0400085449219,582.1453247070312,1092.71728515625,6130.449513196945,6586.0,39,390000,63.616868414045605,170.09112548828125,639.6714477539062,0.20072053372859955
0.2742955982685089,0.15800809860229492,0.01335415235733134,-234.87393188476562,51.812286376953125,0.33532387018203735,0.9336807131767273,-228.3663330078125,51.63821792602539,0.3241404891014099,0.9367133378982544,362.0,0.0,32.0,394.0,91.87817258883248,-259.8654479980469,0.00979647133499384,0.6721460819244385,57.30472779369627,6980.0,-621.1249389648438,-266.0899963378906,381.7005920410156,1068.2733154296875,6307.856177806854,6980.0,40,400000,63.41298671446151,168.0380096435547,555.7161254882812,0.1645333617925644
0.2742316424846649,0.15750597417354584,0.013091022799070031,-233.3440399169922,50.33357620239258,0.30623528361320496,0.9422795176506042,-227.215087890625,51.899044036865234,0.33740106225013733,0.9339568018913269,272.0,0.0,25.0,297.0,91.58249158249158,-256.72149658203125,0.009689181111752987,0.6731740236282349,56.33502817094957,7277.0,-610.4236450195312,-306.57000732421875,504.3272705078125,1055.74072265625,6482.475348711014,7277.0,41,410000,63.2474445246483,168.02816772460938,522.5392456054688,0.16262760758399963
0.27425771951675415,0.1572110503911972,0.012580215599082718,-235.1221160888672,51.87010955810547,0.4370875060558319,0.8968489766120911,-227.50131225585938,53.56079864501953,0.43395060300827026,0.8942312598228455,212.0,0.0,22.0,234.0,90.5982905982906,-253.82861328125,0.009807979688048363,0.6746425628662109,55.911862601517775,7511.0,-605.7468872070312,-445.7200012207031,599.4434204101562,1047.0107421875,6647.986862897873,7511.0,42,420000,63.1770201508673,166.8800811767578,531.496826171875,0.25536617636680603
0.27450841665267944,0.15704040229320526,0.012332335652468109,-238.78070068359375,54.456180572509766,0.4172526001930237,0.8809340000152588,-232.23318481445312,55.71501159667969,0.3037753105163574,0.9464870095252991,168.0,0.0,19.0,187.0,89.83957219251337,-251.6637725830078,0.0096631133928895,0.6756950616836548,55.85632631852429,7698.0,-605.1214599609375,-579.7000122070312,750.6297607421875,1040.7271728515625,6811.375036239624,7698.0,43,430000,63.12969080577765,167.21356201171875,717.2644653320312,0.18164955079555511
0.2746485769748688,0.15681269764900208,0.01185113216358652,-239.1193389892578,53.722991943359375,0.30138063430786133,0.9494408369064331,-232.42588806152344,55.382835388183594,0.2973062992095947,0.9543359279632568,180.0,0.0,19.0,199.0,90.45226130653266,-249.59584045410156,0.009352668188512325,0.6765393614768982,55.71520830695201,7897.0,-603.552734375,-450.010009765625,690.7686157226562,1034.65576171875,6976.340572834015,7897.0,44,440000,63.07031536180548,169.40371704101562,613.5602416992188,0.18687684834003448
0.27485156059265137,0.15653590857982635,0.01208933992007461,-243.81491088867188,54.76040267944336,0.29954782128334045,0.9516605734825134,-237.0349578857422,55.716983795166016,0.29693934321403503,0.9548287987709045,234.0,0.0,23.0,257.0,91.05058365758755,-247.2330322265625,0.009333552792668343,0.6768141984939575,55.17868530782438,8154.0,-597.62890625,-353.2099914550781,548.8501586914062,1023.8333129882812,7145.409828662872,8154.0,45,450000,62.97749335452868,170.07208251953125,583.2703247070312,0.1715484857559204
0.2747901976108551,0.15616801381111145,0.01185113216358652,-244.00291442871094,47.74528121948242,0.28824126720428467,0.9506208300590515,-237.0864715576172,47.54869079589844,0.31877902150154114,0.9384118318557739,277.0,0.0,23.0,300.0,92.33333333333333,-244.48709106445312,0.009534490294754505,0.6769466996192932,54.41010172699314,8454.0,-589.1453857421875,-429.44000244140625,648.6492919921875,1011.0390625,7317.096753835678,8454.0,46,460000,62.86646404653109,169.48800659179688,656.9992065429688,0.23329685628414154
0.2747567594051361,0.15606717765331268,0.010310046129879225,-260.94476318359375,45.499717712402344,0.2969200015068054,0.9548496603965759,-253.99423217773438,45.87921142578125,0.3231985867023468,0.9403759241104126,189.0,0.0,18.0,207.0,91.30434782608695,-242.6482391357422,0.00978862028568983,0.6772764921188354,54.24188892737559,8661.0,-587.27880859375,-483.7799987792969,769.6070556640625,1006.9432983398438,7480.232282161713,8661.0,47,470000,62.83227342028137,169.5093536376953,613.5384521484375,0.25232595205307007
0.2745492160320282,0.1557862013578415,0.01185113216358652,-258.1783142089844,50.0672607421875,0.48092150688171387,0.8671544194221497,-251.76409912109375,52.27541732788086,0.467169851064682,0.876701295375824,272.0,0.0,19.0,291.0,93.47079037800687,-240.42579650878906,0.009821332059800625,0.6775877475738525,53.61852100089366,8952.0,-580.3925170898438,-328.4599914550781,296.5719909667969,995.2843017578125,7649.861117362976,8952.0,48,480000,62.746237171618525,170.7662353515625,619.7868041992188,0.1454671025276184
0.2744017243385315,0.15553265810012817,0.01208933992007461,-248.37754821777344,42.85333251953125,0.2805919945240021,0.9590932726860046,-242.15562438964844,43.584136962890625,0.20222339034080505,0.9563118815422058,252.0,0.0,26.0,278.0,90.64748201438849,-238.29803466796875,0.009415036998689175,0.6776931881904602,53.08624052004334,9230.0,-574.5205688476562,-421.9599914550781,572.4155883789062,984.268798828125,7819.919896841049,9230.0,49,490000,62.66048840192614,170.6179656982422,571.3701171875,0.2760915756225586
0.2742829918861389,0.15526780486106873,0.011164302587074557,-250.6226806640625,52.32750701904297,0.21435986459255219,0.9438453912734985,-243.23367309570312,52.4060173034668,0.4626365303993225,0.8669697642326355,274.0,0.0,17.0,291.0,94.15807560137456,-236.28822326660156,0.009032054804265499,0.6777803897857666,52.490809788887724,9521.0,-567.9424438476562,-331.6499938964844,417.02734375,972.7426147460938,7990.750293493271,9521.0,50,500000,62.572346980626,167.47186279296875,635.3367309570312,0.2157725691795349
0.2741928696632385,0.15507212281227112,0.011388705069074755,-251.17132568359375,55.121192932128906,0.2877340614795685,0.9512720704078674,-245.2628936767578,55.72815704345703,0.27824491262435913,0.957475483417511,230.0,0.0,20.0,250.0,92.0,-234.39312744140625,0.009072601795196533,0.6777179837226868,52.192713130692866,9771.0,-564.6464233398438,-573.3200073242188,782.6378784179688,966.1009521484375,8157.6474640369415,9771.0,51,510000,62.51802400733047,164.0673065185547,557.571533203125,0.186905175447464
0.27426180243492126,0.15500223636627197,0.011164302587074557,-248.2205810546875,55.32176971435547,0.3040642738342285,0.9403233528137207,-241.81396484375,56.524993896484375,0.34394174814224243,0.9317082762718201,162.0,0.0,20.0,182.0,89.01098901098901,-233.03237915039062,0.008809477090835571,0.6779874563217163,52.241133326635186,9953.0,-565.1732177734375,-510.95001220703125,533.2411499023438,961.6322631835938,8322.77035498619,9953.0,52,520000,62.47919596729793,168.05943298339844,508.6963806152344,0.16194963455200195
0.27412861585617065,0.1549443006515503,0.010517278057089798,-233.81207275390625,60.26461410522461,0.2825572192668915,0.948907732963562,-226.7664794921875,61.25141906738281,0.2691342234611511,0.9465803503990173,189.0,0.0,19.0,208.0,90.86538461538461,-231.62596130371094,0.008701149374246597,0.6781222224235535,52.158645802578484,10161.0,-564.2553100585938,-442.4200134277344,431.316650390625,956.3516235351562,8487.442900896072,10161.0,53,530000,62.445191819086595,160.83155822753906,620.7437744140625,0.18027791380882263
0.2740309536457062,0.15484006702899933,0.010517278057089798,-235.88352966308594,49.38127517700195,0.299767404794693,0.9443464279174805,-228.142578125,50.84305953979492,0.2997642755508423,0.9447305798530579,183.0,0.0,20.0,203.0,90.14778325123153,-230.12237548828125,0.009044616483151913,0.6784936189651489,52.1033384793516,10364.0,-563.6385498046875,-472.3399963378906,513.0761108398438,951.6038818359375,8649.273895025253,10364.0,54,540000,62.43298646266576,162.23330688476562,679.1676635742188,0.19289596378803253
0.27416500449180603,0.15462957322597504,0.009907751681525063,-235.04620361328125,51.590606689453125,0.27282488346099854,0.9558740854263306,-226.1900177001953,53.11722946166992,0.2752612233161926,0.956070065498352,258.0,0.0,16.0,274.0,94.16058394160584,-228.38809204101562,0.008937514387071133,0.6789819002151489,51.7005076142132,10638.0,-559.185302734375,-391.1600036621094,367.60516357421875,942.1671752929688,8812.92914891243,10638.0,55,550000,62.40830837359829,158.0221710205078,719.5610961914062,0.15596875548362732
0.2743980586528778,0.15459933876991272,0.009333550263662541,-245.05245971679688,48.312347412109375,0.3463791012763977,0.9268878698348999,-238.6600341796875,48.979713439941406,0.3382952809333801,0.9306525588035583,172.0,0.0,24.0,196.0,87.75510204081633,-227.5087890625,0.009027594700455666,0.6795960664749146,51.68506553442865,10834.0,-559.0130004882812,-613.5800170898438,890.7263793945312,940.4478149414062,8970.329774141312,10834.0,56,560000,62.428028188473846,158.2665557861328,555.7564697265625,0.16215240955352783
0.2745370864868164,0.15445150434970856,0.010517278057089798,-234.2783203125,52.233306884765625,0.21668559312820435,0.9739358425140381,-227.8359375,52.17173385620117,0.2561046779155731,0.9584020376205444,257.0,0.0,21.0,278.0,92.44604316546763,-226.1938018798828,0.00911019742488861,0.6805538535118103,51.27627789776818,11112.0,-554.5001831054688,-326.5899963378906,269.79254150390625,932.2230224609375,9140.683276414871,11112.0,57,570000,62.35857678941082,161.5105743408203,656.8963012695312,0.2661688029766083
0.2744503617286682,0.15413744747638702,0.009333550263662541,-256.71221923828125,52.79570388793945,0.2545446455478668,0.9564388990402222,-250.64222717285156,53.495033264160156,0.24284744262695312,0.9644562602043152,374.0,0.0,17.0,391.0,95.65217391304348,-224.37852478027344,0.009503458626568317,0.6818345785140991,50.42015126488742,11503.0,-545.0493774414062,-250.02999877929688,158.87181091308594,920.2994995117188,9321.171821594238,11503.0,58,580000,62.22393612102735,156.80104064941406,713.9865112304688,0.15206278860569
0.2743326425552368,0.15391285717487335,0.009712529831903797,-257.4025573730469,53.227500915527344,0.29421520233154297,0.9534026384353638,-252.3564453125,53.77142333984375,0.28134873509407043,0.9593350291252136,336.0,0.0,19.0,355.0,94.64788732394366,-222.81329345703125,0.009595228359103203,0.6828745007514954,49.75468038455051,11858.0,-537.7041015625,-316.4700012207031,399.80078125,910.2207641601562,9498.659556388855,11858.0,59,590000,62.114027405389265,157.09832763671875,603.1234130859375,0.17923496663570404
0.2740722596645355,0.15375091135501862,0.009521154623962158,-231.21157836914062,44.700008392333984,0.2984091639518738,0.9455358982086182,-222.85009765625,44.52648162841797,0.2918970584869385,0.9489280581474304,304.0,0.0,32.0,336.0,90.47619047619048,-221.15773010253906,0.009492178447544575,0.6838296055793762,49.20370674102018,12194.0,-531.6336059570312,-245.52000427246094,172.056884765625,901.6044311523438,9673.45263171196,12194.0,60,600000,62.025423893952016,146.64637756347656,662.8132934570312,0.2216741442680359
0.2741180956363678,0.15351735055446625,0.008792626553888941,-230.32916259765625,48.486480712890625,0.24764764308929443,0.9530499577522278,-222.23052978515625,47.716556549072266,0.22093060612678528,0.9626439809799194,360.0,0.0,30.0,390.0,92.3076923076923,-219.57826232910156,0.009655924513936043,0.6849858164787292,48.474173553719005,12584.0,-523.591796875,-239.47000122070312,273.95458984375,890.7500610351562,9854.41139793396,12584.0,61,610000,61.90121107871449,142.4838104248047,647.8615112304688,0.2531547248363495
0.2741415500640869,0.1533590406179428,0.008619377074687717,-255.28558349609375,66.86039733886719,0.330197811126709,0.9250648617744446,-247.9661865234375,66.83415222167969,0.34561267495155334,0.933753490447998,333.0,0.0,35.0,368.0,90.48913043478261,-218.0005645751953,0.009390942752361298,0.6860339045524597,47.86635268684373,12952.0,-516.8963623046875,-331.8699951171875,440.43170166015625,882.1322631835938,10032.83825969696,12952.0,62,620000,61.79706917937766,135.1008758544922,611.1380615234375,0.1494530290365219
0.27417242527008057,0.15315456688404083,0.008449541294664952,-260.9766845703125,52.299354553222656,0.3294607400894165,0.9408408403396606,-251.4108428955078,51.73015213012695,0.3327224850654602,0.9379573464393616,318.0,0.0,22.0,340.0,93.52941176470588,-216.57034301757812,0.009196831844747066,0.6868420839309692,47.39662955160999,13292.0,-511.7126770019531,-347.2699890136719,524.6648559570312,873.2417602539062,10209.383963346481,13292.0,63,630000,61.70793480407956,138.2340850830078,574.3050537109375,0.41541874408721924
0.27414241433143616,0.15294961631298065,0.008283051950460692,-231.7440185546875,44.9122314453125,0.2987080514431,0.9482281804084778,-219.57144165039062,43.20366287231445,0.28226011991500854,0.9520718455314636,306.0,0.0,17.0,323.0,94.73684210526315,-215.127197265625,0.009067653678357601,0.6876965165138245,47.006463459419756,13615.0,-507.4025573730469,-292.2699890136719,225.9703826904297,864.1661376953125,10381.289108514786,13615.0,64,640000,61.64937642234323,134.70066833496094,600.7725830078125,0.15967567265033722
0.27414318919181824,0.1527445912361145,0.007803009623294559,-234.38339233398438,52.32325744628906,0.2989015579223633,0.9513466358184814,-224.7592010498047,52.388694763183594,0.3003024458885193,0.9506537914276123,295.0,0.0,20.0,315.0,93.65079365079364,-213.6992950439453,0.008988991379737854,0.6882985830307007,46.66180904522613,13930.0,-503.5970458984375,-379.1700134277344,407.88037109375,855.8773193359375,10553.311037063599,13930.0,65,650000,61.59204421410278,134.6442413330078,578.5546264648438,0.255123108625412
0.2740422487258911,0.15270112454891205,0.008119843104068908,-260.5533142089844,56.921058654785156,0.3821987807750702,0.9114618897438049,-248.9004669189453,56.46184158325195,0.30607277154922485,0.9358370900154114,234.0,0.0,15.0,249.0,93.97590361445783,-212.70481872558594,0.00894179567694664,0.6889967322349548,46.54757035051837,14179.0,-502.3289489746094,-423.6099853515625,681.5145874023438,851.9755859375,10721.099026679993,14179.0,66,660000,61.56085288994691,139.72567749023438,590.134521484375,0.18349876999855042
0.2739485502243042,0.15253016352653503,0.00795985011672278,-269.2021789550781,66.367431640625,0.32841747999191284,0.9371399879455566,-260.6310729980469,67.8940658569336,0.2832387685775757,0.9545268416404724,322.0,0.0,23.0,345.0,93.33333333333333,-211.48788452148438,0.008910419419407845,0.6897947788238525,46.13047369870559,14524.0,-497.7272644042969,-343.4200134277344,268.3800354003906,844.0281372070312,10896.491461515427,14524.0,67,670000,61.48768182550569,140.18099975585938,558.77392578125,0.27183622121810913
0.27384504675865173,0.15239401161670685,0.008119843104068908,-237.03282165527344,55.03007888793945,0.28608790040016174,0.9538030028343201,-228.40818786621094,55.97681427001953,0.28277072310447693,0.9510810971260071,306.0,0.0,17.0,323.0,94.73684210526315,-210.17689514160156,0.00877031497657299,0.6902165412902832,45.79921869737994,14847.0,-494.0679626464844,-413.3800048828125,659.7601318359375,837.89404296875,11070.778790473938,14847.0,68,680000,61.42295974562502,138.5907745361328,645.030029296875,0.1916736215353012
0.27391186356544495,0.15222762525081635,0.007649259507199841,-239.73275756835938,47.95293426513672,0.341640830039978,0.9275107979774475,-231.47540283203125,49.4900016784668,0.32753461599349976,0.9352421164512634,293.0,0.0,16.0,309.0,94.8220064724919,-208.89479064941406,0.008519998751580715,0.6906737685203552,45.524940617577194,15156.0,-491.0364990234375,-357.1700134277344,503.8011169433594,831.8864135742188,11245.672889947891,15156.0,69,690000,61.35693317353794,143.34117126464844,654.1087646484375,0.2504364252090454
0.27378830313682556,0.15209664404392242,0.008619377074687717,-235.5850830078125,54.77727508544922,0.29788297414779663,0.9526394009590149,-226.25067138671875,56.14018249511719,0.28232210874557495,0.9582001566886902,308.0,0.0,18.0,326.0,94.47852760736197,-207.7123260498047,0.008160344325006008,0.691171407699585,45.212504844335356,15482.0,-487.5859069824219,-376.8599853515625,536.070556640625,825.6008911132812,11418.0485496521,15482.0,70,700000,61.30644802883839,137.79139709472656,619.5033569335938,0.16236115992069244
0.2737092673778534,0.15201321244239807,0.00795985011672278,-229.6101837158203,44.4517822265625,0.32785889506340027,0.9361240863800049,-219.16452026367188,47.00217056274414,0.30256175994873047,0.9391276240348816,278.0,0.0,29.0,307.0,90.55374592833876,-206.75369262695312,0.008087561465799809,0.6913374662399292,44.95534866045981,15789.0,-484.75311279296875,-385.989990234375,633.155029296875,821.5607299804688,11591.713234901428,15789.0,71,710000,61.25065256637515,136.08267211914062,529.343505859375,0.1659240573644638
0.2735559344291687,0.15195700526237488,0.008619377074687717,-248.2572784423828,50.736114501953125,0.3741511106491089,0.9134626388549805,-239.8348388671875,52.4799919128418,0.3578200340270996,0.917894184589386,272.0,0.0,25.0,297.0,91.58249158249158,-205.929931640625,0.008087251335382462,0.6920478940010071,44.75854780554519,16086.0,-482.5824279785156,-403.1499938964844,717.02685546875,818.2000122070312,11765.94498205185,16086.0,72,720000,61.19355488218848,136.47799682617188,431.7103271484375,0.18357254564762115
0.27350303530693054,0.15190568566322327,0.008449541294664952,-227.1475830078125,50.38322830200195,0.2603360712528229,0.9572449922561646,-215.74415588378906,51.78286361694336,0.2575075328350067,0.9559855461120605,241.0,0.0,20.0,261.0,92.33716475095785,-205.10421752929688,0.007928295060992241,0.6924166083335876,44.641952651862724,16347.0,-481.2935791015625,-540.2100219726562,894.3911743164062,815.7553100585938,11934.225396871567,16347.0,73,730000,61.168611763555425,133.95997619628906,493.1771240234375,0.09586388617753983
0.27338406443595886,0.15184926986694336,0.008619377074687717,-245.33641052246094,43.682861328125,0.2678775191307068,0.955557644367218,-237.90252685546875,44.87923812866211,0.25482332706451416,0.9635172486305237,219.0,0.0,14.0,233.0,93.99141630901288,-204.36190795898438,0.008078401908278465,0.6936239004135132,44.628347406513875,16580.0,-481.1358947753906,-342.1000061035156,332.90771484375,814.0676879882812,12097.896838903427,16580.0,74,740000,61.16765664758923,133.8415985107422,509.33465576171875,0.1641545593738556
0.27336153388023376,0.15172486007213593,0.008119843104068908,-257.7888488769531,46.37203598022461,0.2528863549232483,0.9647088646888733,-243.81776428222656,45.77116775512695,0.25468310713768005,0.9635832905769348,311.0,0.0,23.0,334.0,93.11377245508982,-203.41358947753906,0.008093813434243202,0.6948391795158386,44.341728745417996,16914.0,-477.973876953125,-313.94000244140625,461.08880615234375,808.6648559570312,12274.536637067795,16914.0,75,750000,61.10210284721297,136.72637939453125,569.12646484375,0.21248942613601685
0.2733513116836548,0.15170139074325562,0.008449541294664952,-262.00048828125,51.90690231323242,0.22078837454319,0.9733030796051025,-252.4877166748047,53.249698638916016,0.25804421305656433,0.9553543329238892,227.0,0.0,18.0,245.0,92.65306122448979,-202.8634033203125,0.008064952678978443,0.6961255073547363,44.2914505507314,17159.0,-477.4150085449219,-442.8599853515625,759.7308349609375,806.6962890625,12441.309448957443,17159.0,76,760000,61.08681751852788,133.82781982421875,530.6912841796875,0.17309267818927765
0.2733139097690582,0.1515933871269226,0.00795985011672278,-254.6363525390625,45.07609939575195,0.22253291308879852,0.9682073593139648,-247.94839477539062,47.59132385253906,0.28135156631469727,0.9570406675338745,275.0,0.0,25.0,300.0,91.66666666666666,-202.1669464111328,0.007947229780256748,0.6973198652267456,44.102984134257404,17459.0,-475.33685302734375,-326.9200134277344,457.481201171875,802.9749755859375,12612.861143112183,17459.0,77,770000,61.04879703844936,136.6255645751953,606.0712280273438,0.17643658816814423
0.27327364683151245,0.1514260470867157,0.008449541294664952,-291.700927734375,62.232398986816406,0.26079073548316956,0.9592660665512085,-282.543212890625,64.44731140136719,0.29360145330429077,0.9427012205123901,336.0,0.0,27.0,363.0,92.56198347107438,-201.22723388671875,0.0076513513922691345,0.6986779570579529,43.76259679048367,17822.0,-471.584716796875,-286.3299865722656,262.9458312988281,797.5209350585938,12788.189977884293,17822.0,78,780000,60.9937763943858,136.40733337402344,468.194580078125,0.20757992565631866
0.2732715308666229,0.15126153826713562,0.008283051950460692,-275.330078125,66.04930877685547,0.2854388356208801,0.9499858617782593,-265.8077697753906,68.3678207397461,0.288464218378067,0.9503113627433777,273.0,0.0,20.0,293.0,93.1740614334471,-200.31988525390625,0.007609270513057709,0.6995832324028015,43.610267733922164,18115.0,-469.90191650390625,-332.9700012207031,459.0648498535156,793.4171142578125,12958.550250053406,18115.0,79,790000,60.96360972144582,134.75193786621094,466.7669982910156,0.15636862814426422
0.27319565415382385,0.15114037692546844,0.008449541294664952,-275.9298400878906,64.4797134399414,0.24171358346939087,0.9628797173500061,-268.7924499511719,66.83265686035156,0.25180160999298096,0.96583092212677,287.0,0.0,16.0,303.0,94.71947194719472,-199.4285430908203,0.007579943165183067,0.7006022334098816,43.43576935606472,18418.0,-467.972412109375,-301.510009765625,262.61724853515625,788.922119140625,13129.95591211319,18418.0,80,800000,60.92937442858821,137.1225128173828,596.395751953125,0.17921364307403564
0.2731129825115204,0.15102168917655945,0.00795985011672278,-260.37225341796875,53.734004974365234,0.22140219807624817,0.9551709890365601,-254.63088989257812,56.36699295043945,0.17482063174247742,0.9691751003265381,293.0,0.0,18.0,311.0,94.21221864951768,-198.61019897460938,0.007532491814345121,0.7010815143585205,43.247583960702656,18729.0,-465.89337158203125,-320.2099914550781,247.55081176757812,784.159912109375,13301.805119514465,18729.0,81,810000,60.893990907421006,141.56585693359375,448.1353759765625,0.2580907344818115
